ds,y,yhat_prophet,train
2015-07-02,64.932,57.94867523554718,True
2015-07-03,59.336999999999996,56.66655813676759,True
2015-07-04,59.545,54.60583621189512,True
2015-07-05,53.021,50.123084929706245,True
2015-07-06,55.365,54.66200602794431,True
2015-07-07,54.403999999999996,54.18569271643454,True
2015-07-08,50.336999999999996,51.755173877406484,True
2015-07-09,45.658,49.62691278512798,True
2015-07-10,46.958,50.73769166377903,True
2015-07-11,47.176,50.41172872955977,True
2015-07-12,46.838,50.559758102495834,True
2015-07-13,54.91,56.2535573150196,True
2015-07-14,55.486000000000004,55.45848221857881,True
2015-07-15,57.82899999999999,58.2232720470352,True
2015-07-16,61.518,57.69953739116612,True
2015-07-17,60.626999999999995,57.90194737033116,True
2015-07-18,53.005,53.0007138785263,True
2015-07-19,56.924,57.332292898325925,True
2015-07-20,69.645,62.59973140177757,True
2015-07-21,63.428000000000004,56.5558286189066,True
2015-07-22,54.049,54.527468498730826,True
2015-07-23,50.266999999999996,53.926376412624116,True
2015-07-24,52.205,55.93231287856307,True
2015-07-25,50.051,53.10272850196507,True
2015-07-26,50.17,53.06207744897101,True
2015-07-27,58.771,61.940758312710486,True
2015-07-28,64.873,66.18897905745617,True
2015-07-29,70.865,66.08871617236721,True
2015-07-30,67.734,61.17891813274764,True
2015-07-31,60.733000000000004,56.8194963484004,True
2015-08-01,53.458,54.00039736066933,True
2015-08-02,52.145,53.14623814099315,True
2015-08-03,53.871,55.90024529503277,True
2015-08-04,48.808,53.38165737330007,True
2015-08-05,53.65,58.426859813524274,True
2015-08-06,55.446999999999996,58.20204234415404,True
2015-08-07,55.601000000000006,55.791845921587004,True
2015-08-08,49.355,51.80785677167758,True
2015-08-09,52.36600000000001,54.38983247238305,True
2015-08-10,54.998000000000005,55.64251513253829,True
2015-08-11,54.102,56.526061028688595,True
2015-08-12,54.62,57.57646327736734,True
2015-08-13,55.891000000000005,57.01420910687207,True
2015-08-14,55.133,57.44672781679043,True
2015-08-15,55.852,58.81369450426608,True
2015-08-16,60.917,61.906539928774095,True
2015-08-17,68.574,63.63550076160602,True
2015-08-18,61.732,57.82388337167419,True
2015-08-19,55.602,55.58847937491597,True
2015-08-20,53.044,54.05709379936017,True
2015-08-21,53.02,53.90533910719912,True
2015-08-22,50.725,52.39971851153801,True
2015-08-23,49.543,51.731512084966646,True
2015-08-24,55.077,56.458865342937436,True
2015-08-25,57.578,58.11476770936112,True
2015-08-26,60.256,60.32038319920268,True
2015-08-27,65.093,62.19818065785188,True
2015-08-28,66.47,61.23761502377947,True
2015-08-29,54.794,51.380673151320465,True
2015-08-30,48.864,51.89211421743027,True
2015-08-31,56.382,57.23646104117637,True
2015-09-01,56.854,56.249922083886005,True
2015-09-02,52.261,52.99331966253599,True
2015-09-03,49.578,52.495014240272845,True
2015-09-04,46.917,51.40557635922277,True
2015-09-05,43.077,50.44491826249943,True
2015-09-06,43.967,51.51900858060249,True
2015-09-07,49.438,57.11703701859026,True
2015-09-08,57.555,59.950975173585014,True
2015-09-09,63.763999999999996,62.909703925354876,True
2015-09-10,67.884,63.357344660683395,True
2015-09-11,64.633,59.412448590136655,True
2015-09-12,52.498999999999995,49.208359704421085,True
2015-09-13,54.656000000000006,52.028257383381565,True
2015-09-14,49.552,48.091498924885926,True
2015-09-15,46.158,48.50018407022173,True
2015-09-16,44.332,47.64845552309535,True
2015-09-17,46.38,49.15826573545496,True
2015-09-18,47.772,51.03537813142279,True
2015-09-19,48.315,50.255455098611975,True
2015-09-20,50.667,51.391168607164275,True
2015-09-21,57.678000000000004,56.78791987469212,True
2015-09-22,51.64,47.897034944744036,True
2015-09-23,48.748999999999995,49.68585884646159,True
2015-09-24,53.451,52.4010955523046,True
2015-09-25,54.718,51.71101076328128,True
2015-09-26,52.571000000000005,48.86817168053935,True
2015-09-27,49.371,46.11541847245153,True
2015-09-28,50.971000000000004,47.761069733003474,True
2015-09-29,45.854,44.92533649456008,True
2015-09-30,43.635,43.39884171336725,True
2015-10-01,44.028,44.00905794190914,True
2015-10-02,45.803000000000004,48.16600997960397,True
2015-10-03,42.059,42.091248466213784,True
2015-10-04,39.942,40.13924065987997,True
2015-10-05,44.835,44.20119492143729,True
2015-10-06,46.591,44.931077226341685,True
2015-10-07,47.698,45.87731953123374,True
2015-10-08,50.575,47.3928487815515,True
2015-10-09,50.784,47.53347296796353,True
2015-10-10,46.361999999999995,43.01899545785722,True
2015-10-11,45.656000000000006,43.15127399387244,True
2015-10-12,51.091,48.37365298526701,True
2015-10-13,53.891000000000005,50.60909230530861,True
2015-10-14,52.965,48.68779721168617,True
2015-10-15,51.148,46.56998979562662,True
2015-10-16,50.855,46.448304814540634,True
2015-10-17,41.718,39.15624028074877,True
2015-10-18,39.658,38.491643947239226,True
2015-10-19,43.173,42.68175488948382,True
2015-10-20,43.953,46.34583682248889,True
2015-10-21,43.888000000000005,45.178098492345164,True
2015-10-22,44.541000000000004,44.947762104631394,True
2015-10-23,43.297,43.57589293443344,True
2015-10-24,40.168,40.51145318026614,True
2015-10-25,39.873000000000005,39.84355162500324,True
2015-10-26,43.407,43.4179572960788,True
2015-10-27,42.69,42.076005530591104,True
2015-10-28,42.98,42.160899329983124,True
2015-10-29,42.806000000000004,43.701015384235205,True
2015-10-30,42.61,43.95167807101775,True
2015-10-31,40.049,41.329565936026185,True
2015-11-01,40.714,37.57996307785121,True
2015-11-02,41.068999999999996,40.94551755045962,True
2015-11-03,41.343999999999994,42.845290241831776,True
2015-11-04,42.135,43.57997436532119,True
2015-11-05,43.162,45.28540472941952,True
2015-11-06,43.001000000000005,44.557150385176115,True
2015-11-07,40.393,41.41374787833117,True
2015-11-08,41.028,38.65623108335619,True
2015-11-09,44.801,42.24275167623352,True
2015-11-10,43.707,44.1919160802625,True
2015-11-11,43.948,47.151072046050594,True
2015-11-12,44.661,47.01941112005432,True
2015-11-13,43.924,44.824961435436556,True
2015-11-14,41.0,40.62103280273009,True
2015-11-15,41.626999999999995,38.17458636108025,True
2015-11-16,45.016999999999996,43.09688829769388,True
2015-11-17,45.288999999999994,45.12756994487556,True
2015-11-18,44.958,45.835546498751675,True
2015-11-19,44.174,43.7410481342189,True
2015-11-20,43.275,41.885403778367525,True
2015-11-21,40.497,39.670224219371946,True
2015-11-22,39.866,40.25843129472266,True
2015-11-23,42.73,42.6574708616821,True
2015-11-24,44.059,42.72496987361995,True
2015-11-25,45.378,51.29450781099628,True
2015-11-26,42.353,50.281193045904736,True
2015-11-27,42.631,48.475738373865006,True
2015-11-28,43.195,49.01977076136175,True
2015-11-29,44.465,50.89704617321563,True
2015-11-30,48.828,52.15525405717993,True
2015-12-01,47.236000000000004,50.41116989033918,True
2015-12-02,45.757,45.2852664079905,True
2015-12-03,47.026,44.894831911898855,True
2015-12-04,45.095,45.419774182758054,True
2015-12-05,43.898,44.34896600745125,True
2015-12-06,42.63,37.89395954644576,True
2015-12-07,44.489,41.36991868009529,True
2015-12-08,45.678000000000004,42.823223508674594,True
2015-12-09,45.261,41.332746909718935,True
2015-12-10,44.828,40.78925102817265,True
2015-12-11,44.518,43.717875153498696,True
2015-12-12,43.911,43.406511613639054,True
2015-12-13,44.187,40.271315473257395,True
2015-12-14,48.07899999999999,48.70079226873944,True
2015-12-15,48.18600000000001,47.4852589961064,True
2015-12-16,48.695,52.16397927735171,True
2015-12-17,47.411,46.98928516072967,True
2015-12-18,46.934,44.04509727222241,True
2015-12-19,43.983999999999995,41.22867954204757,True
2015-12-20,45.507,42.01987742819355,True
2015-12-21,48.415,42.23305259059633,True
2015-12-22,44.748999999999995,39.69868964502154,True
2015-12-23,44.781000000000006,44.554800946874266,True
2015-12-24,45.551,46.58438069312538,True
2015-12-25,43.626000000000005,50.405044174910486,True
2015-12-26,44.644,47.82179612947098,True
2015-12-27,46.988,49.54818351355916,True
2015-12-28,47.87,50.22147055078661,True
2015-12-29,49.50899999999999,53.76338845390339,True
2015-12-30,49.026,52.22356428453053,True
2015-12-31,48.211000000000006,54.7806288854101,True
2016-01-01,46.376000000000005,52.54012479389894,True
2016-01-02,45.532,46.89845896284502,True
2016-01-03,42.941,43.08906370754665,True
2016-01-04,47.083999999999996,45.27675224665891,True
2016-01-05,46.343999999999994,42.654105645070615,True
2016-01-06,47.51,44.17540520122004,True
2016-01-07,46.835,47.50938995509298,True
2016-01-08,47.666000000000004,50.21320462603554,True
2016-01-09,44.648999999999994,41.598445543587594,True
2016-01-10,43.336999999999996,41.553956880441106,True
2016-01-11,46.42100000000001,45.472752057025616,True
2016-01-12,46.993,46.702922414023895,True
2016-01-13,46.522,44.44232038566525,True
2016-01-14,48.794,48.259745097144574,True
2016-01-15,45.86600000000001,45.788674526036196,True
2016-01-16,42.713,40.80235556889002,True
2016-01-17,42.063,39.483289039622534,True
2016-01-18,43.136,43.02363337102261,True
2016-01-19,45.14,43.578572644870945,True
2016-01-20,44.38399999999999,45.64898466746413,True
2016-01-21,44.163000000000004,43.789550062597044,True
2016-01-22,44.769,42.82016481066154,True
2016-01-23,41.708,40.53972705154589,True
2016-01-24,41.996,43.58222681071621,True
2016-01-25,44.468,45.77448552039664,True
2016-01-26,45.238,47.35502886596288,True
2016-01-27,44.818000000000005,46.79065420701371,True
2016-01-28,46.372,46.387790953098396,True
2016-01-29,45.173,42.050076758386744,True
2016-01-30,41.056999999999995,39.8993070859283,True
2016-01-31,42.278999999999996,41.211032537930905,True
2016-02-01,46.428999999999995,48.645078270400624,True
2016-02-02,47.354,50.21506575322837,True
2016-02-03,47.129,49.160355429736605,True
2016-02-04,45.04,46.61917035573732,True
2016-02-05,44.373000000000005,47.6293781629609,True
2016-02-06,41.147,42.86542197581808,True
2016-02-07,39.933,41.34736175143978,True
2016-02-08,42.913999999999994,44.40387946867224,True
2016-02-09,42.879,43.32389776512824,True
2016-02-10,42.968,43.490974602320975,True
2016-02-11,43.074,42.91801970275871,True
2016-02-12,42.841,42.58486903989121,True
2016-02-13,39.894,38.82937083409132,True
2016-02-14,39.301,38.996837233284026,True
2016-02-15,41.417,41.88360852859979,True
2016-02-16,43.04,42.148239605422745,True
2016-02-17,43.596000000000004,41.090149939742616,True
2016-02-18,43.638999999999996,41.92377694968539,True
2016-02-19,43.957,42.35574313130948,True
2016-02-20,40.643,41.08602333146299,True
2016-02-21,40.238,41.43700064887171,True
2016-02-22,43.381,43.618573118072035,True
2016-02-23,43.558,44.37444223348061,True
2016-02-24,43.339,43.5373603620076,True
2016-02-25,43.226000000000006,42.23723777986022,True
2016-02-26,42.672,41.295765940456604,True
2016-02-27,39.419000000000004,38.678178669425435,True
2016-02-28,39.813,39.22826357844107,True
2016-02-29,42.835,42.16404009264968,True
2016-03-01,42.718,41.611351856275036,True
2016-03-02,42.626000000000005,41.985011968152406,True
2016-03-03,42.78,41.187651099205276,True
2016-03-04,43.007,40.690650209439845,True
2016-03-05,40.764,37.988989822492705,True
2016-03-06,39.663000000000004,37.99565239562075,True
2016-03-07,44.551,44.466706907371375,True
2016-03-08,44.534,46.05905898743248,True
2016-03-09,43.588,42.56014268589215,True
2016-03-10,44.119,41.358827019387014,True
2016-03-11,44.597,40.93573352744929,True
2016-03-12,41.708999999999996,38.732989388275705,True
2016-03-13,40.565,37.687804750046524,True
2016-03-14,43.006,41.67060070717017,True
2016-03-15,43.205,44.422626153163726,True
2016-03-16,43.051,43.76570977996483,True
2016-03-17,43.066,43.47445387513277,True
2016-03-18,42.8,41.499278334747665,True
2016-03-19,39.454,38.564507794797024,True
2016-03-20,39.257,37.859252527163626,True
2016-03-21,42.903,41.48568490526982,True
2016-03-22,42.663999999999994,43.87704341169481,True
2016-03-23,42.303999999999995,43.6043083523231,True
2016-03-24,41.951,43.195597468140434,True
2016-03-25,40.748000000000005,42.34056936457661,True
2016-03-26,38.254,38.63160073689931,True
2016-03-27,37.049,37.77129399156045,True
2016-03-28,40.743,43.05582992195417,True
2016-03-29,41.43899999999999,43.6161118932988,True
2016-03-30,41.503,44.263978553875056,True
2016-03-31,41.107,42.14405185667977,True
2016-04-01,40.548,41.3949580626468,True
2016-04-02,37.933,39.023829984090625,True
2016-04-03,37.562,38.184862106299846,True
2016-04-04,41.633,42.020792932829146,True
2016-04-05,42.368,43.51693946859216,True
2016-04-06,44.73,45.80013417914446,True
2016-04-07,43.382,41.17734378355522,True
2016-04-08,41.977,40.32484237785813,True
2016-04-09,39.015,37.42854280670205,True
2016-04-10,38.166,36.87331040003454,True
2016-04-11,41.516999999999996,40.30337960865528,True
2016-04-12,41.333999999999996,40.75307589741039,True
2016-04-13,41.156000000000006,41.08028244536629,True
2016-04-14,40.792,40.5700713841952,True
2016-04-15,40.802,41.75662099745776,True
2016-04-16,38.895,40.29471699984193,True
2016-04-17,40.436,40.79888789052432,True
2016-04-18,46.457,45.36819460121634,True
2016-04-19,46.178000000000004,44.70563833237943,True
2016-04-20,44.232,42.71826522932041,True
2016-04-21,43.167,40.875227843842595,True
2016-04-22,41.308,40.266989382873945,True
2016-04-23,38.086,38.99029679211796,True
2016-04-24,37.92,37.42729468647737,True
2016-04-25,40.699,40.97445681624043,True
2016-04-26,41.403999999999996,41.872763865233416,True
2016-04-27,41.31100000000001,42.18983177704267,True
2016-04-28,41.933,44.933828382531345,True
2016-04-29,41.754,42.08285520467186,True
2016-04-30,39.309,41.844211065324934,True
2016-05-01,41.44,42.05634404179688,True
2016-05-02,45.817,44.865307843639265,True
2016-05-03,45.732,45.80330730901407,True
2016-05-04,45.071000000000005,43.75029341534068,True
2016-05-05,42.443000000000005,42.350002755079785,True
2016-05-06,41.762,41.92727783952205,True
2016-05-07,38.872,39.2924385539011,True
2016-05-08,38.316,38.90187572878497,True
2016-05-09,43.468999999999994,43.18858583446348,True
2016-05-10,46.126999999999995,47.75192676887964,True
2016-05-11,48.48,48.06072199704667,True
2016-05-12,49.974,47.84231546695346,True
2016-05-13,44.952,43.317219543542535,True
2016-05-14,40.3,40.683004968698064,True
2016-05-15,41.358000000000004,42.01938971421052,True
2016-05-16,47.288999999999994,48.21344354103881,True
2016-05-17,52.433,52.95181849652324,True
2016-05-18,56.784,52.45416162127768,True
2016-05-19,47.593,45.439058741048285,True
2016-05-20,41.214,42.905681981046776,True
2016-05-21,37.8,40.27390720141591,True
2016-05-22,37.624,40.242648197917525,True
2016-05-23,42.076,43.83719140026227,True
2016-05-24,43.379,44.2710911520819,True
2016-05-25,44.361999999999995,45.249297417713684,True
2016-05-26,46.528,46.955400707378345,True
2016-05-27,48.38,49.57709745187579,True
2016-05-28,46.833999999999996,47.96218007164099,True
2016-05-29,48.538999999999994,46.70552694884959,True
2016-05-30,53.095,53.363348005548495,True
2016-05-31,62.45399999999999,56.96786654570985,True
2016-06-01,62.747,54.020425193697875,True
2016-06-02,60.449,55.072143145764024,True
2016-06-03,64.445,59.39592887599997,True
2016-06-04,57.75899999999999,52.892821500377316,True
2016-06-05,57.865,51.88591192783646,True
2016-06-06,59.763000000000005,52.158302807115184,True
2016-06-07,54.751000000000005,50.919165589628896,True
2016-06-08,49.982,50.598745081429996,True
2016-06-09,48.851000000000006,49.927007994134755,True
2016-06-10,47.778999999999996,50.08223464582593,True
2016-06-11,46.011,51.47321389767461,True
2016-06-12,48.614,49.80513537155231,True
2016-06-13,48.351000000000006,50.67741258273511,True
2016-06-14,44.849,50.54223206294827,True
2016-06-15,41.99100000000001,49.98975499167845,True
2016-06-16,43.636,51.06665886343246,True
2016-06-17,45.848,50.9460953796394,True
2016-06-18,43.88399999999999,49.67895653064446,True
2016-06-19,47.67,54.28733598034444,True
2016-06-20,57.466,59.68507005134231,True
2016-06-21,61.465,62.13920180824639,True
2016-06-22,58.983999999999995,57.33820521000612,True
2016-06-23,55.481,57.01674745072609,True
2016-06-24,54.795,57.8520548086248,True
2016-06-25,57.553000000000004,59.63769704539152,True
2016-06-26,62.033,60.526635206778124,True
2016-06-27,70.946,66.1303354594382,True
2016-06-28,73.438,64.47355254388341,True
2016-06-29,67.89699999999999,59.628423868505834,True
2016-06-30,66.852,62.74414204904204,True
2016-07-01,66.793,58.963800080464786,True
2016-07-02,56.396,53.64521012571001,True
2016-07-03,53.24100000000001,54.03253582567686,True
2016-07-04,50.996,55.3996833666432,True
2016-07-05,51.966,54.935338773343375,True
2016-07-06,51.224,55.46457788893045,True
2016-07-07,51.097,54.87378018316435,True
2016-07-08,51.765,56.03894471214229,True
2016-07-09,49.381,52.82237878139115,True
2016-07-10,44.858000000000004,52.800743448227436,True
2016-07-11,54.905,59.001440970437336,True
2016-07-12,56.173,58.705832171370936,True
2016-07-13,63.107,64.36600975814159,True
2016-07-14,68.596,65.59024888408702,True
2016-07-15,63.778,59.966125674470305,True
2016-07-16,54.949,54.33933877420378,True
2016-07-17,49.016999999999996,52.203979822477315,True
2016-07-18,50.163999999999994,55.095505590681604,True
2016-07-19,51.703,57.405807316914164,True
2016-07-20,55.063,59.741726726981256,True
2016-07-21,54.18899999999999,58.24412669520734,True
2016-07-22,56.922,61.25839979856481,True
2016-07-23,60.262,62.82727571577301,True
2016-07-24,64.467,61.96459819965153,True
2016-07-25,65.919,62.715160210809216,True
2016-07-26,69.94800000000001,68.66835408792727,True
2016-07-27,73.22800000000001,67.08844008563061,True
2016-07-28,71.741,64.94336836487372,True
2016-07-29,70.46,64.68464036842953,True
2016-07-30,65.649,60.11709025047831,True
2016-07-31,57.623999999999995,56.666806974812154,True
2016-08-01,58.606,59.51220494397123,True
2016-08-02,59.604,60.76614543518808,True
2016-08-03,64.339,62.36534609537842,True
2016-08-04,53.246,55.79328411381771,True
2016-08-05,51.187,55.8521581172348,True
2016-08-06,49.853,53.912213317150425,True
2016-08-07,50.055,54.773257009003856,True
2016-08-08,57.208999999999996,58.710566009799926,True
2016-08-09,58.778999999999996,60.493282600573096,True
2016-08-10,60.175,59.25633228845945,True
2016-08-11,60.32899999999999,59.60684656242164,True
2016-08-12,61.78,60.69843441463374,True
2016-08-13,61.702,60.10041159301643,True
2016-08-14,62.607,59.557486067750396,True
2016-08-15,60.747,58.22027756032624,True
2016-08-16,62.731,60.16011448409,True
2016-08-17,65.062,60.397314295408066,True
2016-08-18,64.328,59.88859044714635,True
2016-08-19,60.717,56.735625614632646,True
2016-08-20,56.361999999999995,54.13552437833993,True
2016-08-21,52.715,52.487650460158434,True
2016-08-22,54.95399999999999,55.60906690824194,True
2016-08-23,54.583,55.562454817139106,True
2016-08-24,55.099,56.718592046892525,True
2016-08-25,54.83,56.228735275376195,True
2016-08-26,51.72,53.81253506332402,True
2016-08-27,48.229,51.038770255891905,True
2016-08-28,48.81399999999999,52.56627995021896,True
2016-08-29,52.255,55.107924688607376,True
2016-08-30,56.201,57.747690068665136,True
2016-08-31,56.92,56.38393813415279,True
2016-09-01,54.905,55.254758678984224,True
2016-09-02,54.481,55.85752172947993,True
2016-09-03,48.29,50.26895338137411,True
2016-09-04,44.288999999999994,49.013404285107754,True
2016-09-05,48.137,55.231526115960776,True
2016-09-06,54.308,57.17368854259124,True
2016-09-07,58.232,59.846488597160544,True
2016-09-08,57.78,54.895193554385045,True
2016-09-09,56.335,55.51619354473011,True
2016-09-10,52.596000000000004,51.099345559344336,True
2016-09-11,46.615,46.66369122318293,True
2016-09-12,46.25,49.448921423627326,True
2016-09-13,45.233999999999995,49.89831916660714,True
2016-09-14,47.422,51.618997538211744,True
2016-09-15,49.603,52.61184020133491,True
2016-09-16,51.464,52.94334539168611,True
2016-09-17,51.397,51.34038819556678,True
2016-09-18,54.996,53.043455228439555,True
2016-09-19,62.342,57.807357570228106,True
2016-09-20,57.372,52.78560817625256,True
2016-09-21,48.172,48.29066255851954,True
2016-09-22,45.23,47.122375239624965,True
2016-09-23,45.992,48.598514210793695,True
2016-09-24,47.302,48.02508183675665,True
2016-09-25,51.235,48.25601449199053,True
2016-09-26,59.071000000000005,53.07031606233979,True
2016-09-27,59.501999999999995,54.45190869764091,True
2016-09-28,58.005,50.89276644796184,True
2016-09-29,51.052,46.66646176520786,True
2016-09-30,45.606,43.791931598710825,True
2016-10-01,41.621,42.42329246610284,True
2016-10-02,40.339,40.30547091142627,True
2016-10-03,43.538999999999994,44.58836920295323,True
2016-10-04,43.626999999999995,43.914252741116904,True
2016-10-05,43.871,45.39993405170971,True
2016-10-06,44.355,45.252349064535636,True
2016-10-07,44.87,46.1913126065132,True
2016-10-08,43.445,43.95128694569005,True
2016-10-09,43.558,43.85913771385877,True
2016-10-10,46.753,45.486847370742474,True
2016-10-11,44.861000000000004,43.625034523281236,True
2016-10-12,44.36600000000001,43.53951055819966,True
2016-10-13,43.763000000000005,42.86110371616018,True
2016-10-14,43.783,42.30420343271243,True
2016-10-15,40.549,39.59780910898871,True
2016-10-16,40.634,39.098392594963364,True
2016-10-17,42.534,42.59294489704982,True
2016-10-18,42.323,44.24439471072033,True
2016-10-19,42.443999999999996,44.28412491997356,True
2016-10-20,43.43,45.39372606286552,True
2016-10-21,43.825,44.4756973210253,True
2016-10-22,40.716,40.050002474128114,True
2016-10-23,40.032,39.32533413262282,True
2016-10-24,43.56100000000001,42.493402002146944,True
2016-10-25,44.007,42.93671043453373,True
2016-10-26,44.203,43.59296637347485,True
2016-10-27,43.9,42.5513514104892,True
2016-10-28,43.923,41.93815094390644,True
2016-10-29,41.138999999999996,39.11065972309952,True
2016-10-30,40.749,38.510162691687924,True
2016-10-31,42.645,42.54094287735472,True
2016-11-01,42.831,42.24977949563058,True
2016-11-02,43.276,43.88380017009341,True
2016-11-03,43.49,42.91651803061377,True
2016-11-04,43.373999999999995,42.37622134888326,True
2016-11-05,40.824,39.92662991917719,True
2016-11-06,42.398999999999994,37.59219680537806,True
2016-11-07,43.891999999999996,40.951044100994665,True
2016-11-08,44.238,41.71895172205365,True
2016-11-09,43.674,41.960240289817385,True
2016-11-10,43.303999999999995,41.41792203983584,True
2016-11-11,42.593999999999994,40.54793403113216,True
2016-11-12,40.119,38.034386609331165,True
2016-11-13,38.905,37.177066465201754,True
2016-11-14,42.217,41.70074104090788,True
2016-11-15,42.141999999999996,40.94382842553004,True
2016-11-16,41.758,45.06745480953852,True
2016-11-17,42.825,47.39952564286077,True
2016-11-18,42.968,45.95133234997149,True
2016-11-19,41.542,37.91533501869951,True
2016-11-20,40.219,37.00865557513477,True
2016-11-21,42.256,42.1508760178547,True
2016-11-22,43.553999999999995,45.12022569407033,True
2016-11-23,43.715,44.702551427221394,True
2016-11-24,41.512,49.135683384798384,True
2016-11-25,42.542,47.02734261231132,True
2016-11-26,43.401,41.845962222222006,True
2016-11-27,42.495,40.558470056688165,True
2016-11-28,46.507,44.70698626348431,True
2016-11-29,46.637,49.48059336581497,True
2016-11-30,47.07,48.26433198758408,True
2016-12-01,47.25899999999999,46.85339892677759,True
2016-12-02,47.255,44.627330131394366,True
2016-12-03,44.797,46.73013708421384,True
2016-12-04,44.965,45.46262892791377,True
2016-12-05,48.368,49.45958054235908,True
2016-12-06,47.768,51.7474110415902,True
2016-12-07,50.155,51.860421118208066,True
2016-12-08,48.86,47.045383753726306,True
2016-12-09,45.768,42.897643679813235,True
2016-12-10,43.323,38.219467963898396,True
2016-12-11,43.625,42.88013346652933,True
2016-12-12,46.93,46.32528774730601,True
2016-12-13,46.858999999999995,44.04322381748551,True
2016-12-14,46.339,42.254489343198685,True
2016-12-15,47.373000000000005,40.44040025747235,True
2016-12-16,46.672,46.61582734563307,True
2016-12-17,47.533,49.8888182939529,True
2016-12-18,48.64,51.978218943868114,True
2016-12-19,51.352,54.672620550324886,True
2016-12-20,50.038000000000004,51.41131458567444,True
2016-12-21,47.633,47.93753895075802,True
2016-12-22,47.528,47.84932822703985,True
2016-12-23,48.119,44.2886506959632,True
2016-12-24,46.148999999999994,50.80327496576392,True
2016-12-25,45.919,52.16094577230819,True
2016-12-26,48.177,54.62028204515559,True
2016-12-27,49.358999999999995,53.682248525136906,True
2016-12-28,49.001999999999995,52.544011931683016,True
2016-12-29,47.907,51.00174713629764,True
2016-12-30,47.152,49.02767215036064,True
2016-12-31,44.553000000000004,43.30482220120663,True
2017-01-01,43.598,43.97414259311026,True
2017-01-02,45.873000000000005,47.2019878119226,True
2017-01-03,48.369,45.42145077394613,True
2017-01-04,47.126000000000005,43.017839113547105,True
2017-01-05,46.865,51.351410260175555,True
2017-01-06,49.982,55.30708035368238,True
2017-01-07,46.99,43.06606561506472,True
2017-01-08,44.608999999999995,38.3201498060062,True
2017-01-09,46.582,42.15739477883598,True
2017-01-10,48.72,42.799561092249036,True
2017-01-11,46.968999999999994,45.075018517096254,True
2017-01-12,48.966,50.09856315293535,True
2017-01-13,48.184,49.91024009975236,True
2017-01-14,46.518,53.04755475205414,True
2017-01-15,46.297,50.5484794483284,True
2017-01-16,48.354,52.740044627785664,True
2017-01-17,50.593,57.57122211390514,True
2017-01-18,50.908,50.065726345555014,True
2017-01-19,47.702,46.53504606949006,True
2017-01-20,48.86,46.92275760218943,True
2017-01-21,45.802,43.847897332255485,True
2017-01-22,45.839,43.92967972280204,True
2017-01-23,48.153999999999996,49.89625727274203,True
2017-01-24,48.266000000000005,51.95342203957428,True
2017-01-25,49.013999999999996,53.64362235201792,True
2017-01-26,47.718999999999994,49.619095930069065,True
2017-01-27,47.943999999999996,51.544750860397336,True
2017-01-28,44.868,49.27213899638719,True
2017-01-29,44.722,48.33613567049,True
2017-01-30,47.551,51.30877979667825,True
2017-01-31,47.711000000000006,50.72987655481108,True
2017-02-01,47.92100000000001,47.84912219646313,True
2017-02-02,46.729,42.97033085545181,True
2017-02-03,45.408,41.67382063882222,True
2017-02-04,42.466,38.97030398693476,True
2017-02-05,42.955,39.552485565719806,True
2017-02-06,46.998000000000005,41.53943567311772,True
2017-02-07,46.809,41.92634922348423,True
2017-02-08,46.105,41.835605552550284,True
2017-02-09,46.31100000000001,41.50753067628927,True
2017-02-10,45.273,41.015490556371915,True
2017-02-11,42.636,39.31809783927326,True
2017-02-12,42.19,40.969322677314736,True
2017-02-13,45.576,44.303906588970605,True
2017-02-14,44.758,44.9466344502903,True
2017-02-15,45.388000000000005,42.789057688166395,True
2017-02-16,44.888999999999996,41.45726148885209,True
2017-02-17,46.669,40.843088255548665,True
2017-02-18,42.483000000000004,38.86497686928786,True
2017-02-19,43.126999999999995,39.71740900056045,True
2017-02-20,46.63399999999999,41.229285898306884,True
2017-02-21,46.06399999999999,42.19956456614174,True
2017-02-22,45.74100000000001,48.519312965186906,True
2017-02-23,47.282,51.23013895652576,True
2017-02-24,47.286,50.10270249911969,True
2017-02-25,43.625,45.25695843321468,True
2017-02-26,43.64,45.20550073338439,True
2017-02-27,45.967,47.94097760705908,True
2017-02-28,46.09,50.03124857478152,True
2017-03-01,45.662,49.37162738469368,True
2017-03-02,44.896,47.920542382788916,True
2017-03-03,44.488,45.604459719528876,True
2017-03-04,41.61600000000001,40.374739950129175,True
2017-03-05,42.583,44.70796456653918,True
2017-03-06,47.133,47.75769738254634,True
2017-03-07,46.181000000000004,48.84883467282349,True
2017-03-08,44.708999999999996,46.47105562101012,True
2017-03-09,43.635,44.341882836579416,True
2017-03-10,43.656000000000006,41.89294996839684,True
2017-03-11,40.543,41.18374652325593,True
2017-03-12,37.794000000000004,39.682739280445006,True
2017-03-13,43.06399999999999,44.475868967024326,True
2017-03-14,44.285,44.967496959054785,True
2017-03-15,43.52,42.848987539064126,True
2017-03-16,43.118,42.717825335950025,True
2017-03-17,43.248000000000005,43.8482826067458,True
2017-03-18,39.9,39.474428240403874,True
2017-03-19,39.465,39.021279933029994,True
2017-03-20,42.746,42.54229732731299,True
2017-03-21,43.284,43.06958850297251,True
2017-03-22,43.597,43.6361282518815,True
2017-03-23,43.371,46.83133042592231,True
2017-03-24,44.661,42.432691346893606,True
2017-03-25,40.448,39.85883726446283,True
2017-03-26,40.382,40.044418165827935,True
2017-03-27,42.638999999999996,43.943409698915076,True
2017-03-28,42.433,43.23215133086966,True
2017-03-29,42.768,44.025619809568575,True
2017-03-30,42.513999999999996,42.849083773344226,True
2017-03-31,42.023,42.50495548157417,True
2017-04-01,39.9,40.53776218295609,True
2017-04-02,40.211,40.95680235605554,True
2017-04-03,42.401,42.90485785684849,True
2017-04-04,43.001000000000005,43.15499238079229,True
2017-04-05,43.335,43.00100385926173,True
2017-04-06,43.678000000000004,42.52926774493799,True
2017-04-07,44.762,42.1361837869307,True
2017-04-08,42.146,42.51713543016498,True
2017-04-09,40.389,43.535913720468066,True
2017-04-10,43.208999999999996,45.354226337412584,True
2017-04-11,43.395,42.55291548921368,True
2017-04-12,43.05,42.617015030221864,True
2017-04-13,42.43899999999999,43.4170973598333,True
2017-04-14,42.205,45.82578332557318,True
2017-04-15,40.202,41.889417188867476,True
2017-04-16,40.473,39.51929763470347,True
2017-04-17,44.762,42.10190428919246,True
2017-04-18,44.14,42.68666409029067,True
2017-04-19,43.412,43.55989967809718,True
2017-04-20,43.731,42.64755456899439,True
2017-04-21,44.051,43.50869593824929,True
2017-04-22,40.982,39.637832144445575,True
2017-04-23,40.015,39.57978715809223,True
2017-04-24,43.788999999999994,42.776473480405244,True
2017-04-25,43.9,43.774417164821074,True
2017-04-26,44.979,43.5711857903475,True
2017-04-27,44.071999999999996,44.2212874562997,True
2017-04-28,42.623999999999995,43.34471253227538,True
2017-04-29,41.501999999999995,43.39486656654627,True
2017-04-30,42.955,43.64549868366759,True
2017-05-01,48.408,50.616974680993906,True
2017-05-02,53.894,52.4853625119272,True
2017-05-03,58.76,53.97111707505233,True
2017-05-04,57.965,49.26819173351879,True
2017-05-05,47.285,45.2587061399591,True
2017-05-06,40.484,42.23914482346997,True
2017-05-07,40.813,41.39891968942524,True
2017-05-08,46.753,47.728502483986446,True
2017-05-09,50.396,50.130747809460445,True
2017-05-10,45.071999999999996,45.54038272366912,True
2017-05-11,43.65,45.44761335356324,True
2017-05-12,42.41,45.674284416270645,True
2017-05-13,39.46,43.81452583189551,True
2017-05-14,39.132,43.29189651884486,True
2017-05-15,43.192,46.9890481657542,True
2017-05-16,42.363,46.06718411341186,True
2017-05-17,43.111999999999995,47.90602417017253,True
2017-05-18,45.632,50.92272118770448,True
2017-05-19,50.948,52.22737620840925,True
2017-05-20,52.347,51.00347336438983,True
2017-05-21,55.388999999999996,52.22286235202644,True
2017-05-22,62.635,56.324543794834405,True
2017-05-23,63.992,55.186401079913324,True
2017-05-24,51.301,47.7889832573624,True
2017-05-25,45.428000000000004,46.763514716660765,True
2017-05-26,43.903999999999996,46.42476672129517,True
2017-05-27,41.706,44.31733497018125,True
2017-05-28,44.574,44.04272951928112,True
2017-05-29,46.115,49.40226608570996,True
2017-05-30,46.294,48.58550045142951,True
2017-05-31,47.086000000000006,50.21154621714402,True
2017-06-01,51.823,52.17695769277723,True
2017-06-02,55.254,54.595164737244446,True
2017-06-03,51.977,50.27026584064101,True
2017-06-04,49.007,49.31015252577369,True
2017-06-05,54.821000000000005,56.31223661345037,True
2017-06-06,56.358999999999995,55.411348772794476,True
2017-06-07,49.778999999999996,51.701604930492984,True
2017-06-08,45.898999999999994,50.853481574590894,True
2017-06-09,46.951,51.35700388949696,True
2017-06-10,41.997,49.067181487796326,True
2017-06-11,40.06,48.83711278586771,True
2017-06-12,44.558,52.78759694383869,True
2017-06-13,48.955,56.35227760528804,True
2017-06-14,55.455,59.705539163893754,True
2017-06-15,59.225,61.56193835260011,True
2017-06-16,68.339,66.22899116860194,True
2017-06-17,69.37899999999999,65.74264058023323,True
2017-06-18,75.21600000000001,70.75772040074014,True
2017-06-19,83.565,70.54239103191979,True
2017-06-20,81.962,68.58887609921936,True
2017-06-21,79.79899999999999,69.92068928734085,True
2017-06-22,83.947,73.04284920915936,True
2017-06-23,76.525,64.27039696073187,True
2017-06-24,65.11399999999999,58.809038331018826,True
2017-06-25,58.144,55.36541907153429,True
2017-06-26,54.203,57.78310091479567,True
2017-06-27,54.81399999999999,59.15357179664118,True
2017-06-28,56.133,60.257853599127564,True
2017-06-29,58.56100000000001,61.264155967801685,True
2017-06-30,57.855,60.69964903996807,True
2017-07-01,53.148,57.16095523041058,True
2017-07-02,55.693999999999996,57.67242250042439,True
2017-07-03,58.145,62.24916634801364,True
2017-07-04,56.903,63.493831179187715,True
2017-07-05,58.842,62.38257745338502,True
2017-07-06,66.35600000000001,67.39200115389721,True
2017-07-07,73.597,72.62731057723556,True
2017-07-08,71.286,66.83310169934587,True
2017-07-09,66.569,63.565592881753645,True
2017-07-10,70.202,64.85867341126216,True
2017-07-11,65.443,62.897961340087974,True
2017-07-12,64.329,64.09956799198474,True
2017-07-13,65.313,63.76615594158244,True
2017-07-14,65.643,64.29987925052406,True
2017-07-15,65.89399999999999,65.94828469824888,True
2017-07-16,72.321,68.914592473939,True
2017-07-17,73.072,68.06271216476384,True
2017-07-18,62.657,62.06131130546655,True
2017-07-19,61.735,64.14372278151252,True
2017-07-20,62.093,63.396264037152804,True
2017-07-21,63.604,64.50949866907104,True
2017-07-22,64.52600000000001,65.31930989257263,True
2017-07-23,67.86399999999999,64.88013582166525,True
2017-07-24,64.065,62.93545663647014,True
2017-07-25,61.82899999999999,63.94610173405669,True
2017-07-26,63.919,65.66015157094292,True
2017-07-27,68.846,68.69135823165534,True
2017-07-28,70.476,66.09851695760456,True
2017-07-29,62.473,61.65704612470933,True
2017-07-30,62.09,62.11245588681977,True
2017-07-31,67.40100000000001,65.64541516316419,True
2017-08-01,72.475,69.58206669024824,True
2017-08-02,75.313,69.86338614368978,True
2017-08-03,73.265,68.7988418906706,True
2017-08-04,68.597,64.938994077741,True
2017-08-05,61.89,59.54333574997356,True
2017-08-06,56.32,57.41972887590459,True
2017-08-07,59.669,61.3116646923876,True
2017-08-08,61.43899999999999,62.53431725652214,True
2017-08-09,59.919,61.2083086097664,True
2017-08-10,60.931000000000004,62.37256770814125,True
2017-08-11,63.893,63.672113366992996,True
2017-08-12,60.735,59.077452463343604,True
2017-08-13,55.555,56.9888125294124,True
2017-08-14,55.181999999999995,57.07019483053686,True
2017-08-15,53.131,58.472878531672116,True
2017-08-16,56.157,60.33118140277692,True
2017-08-17,61.266000000000005,61.52478927017742,True
2017-08-18,62.042,61.16573929837049,True
2017-08-19,57.92,56.95275426419148,True
2017-08-20,54.035,55.80232035413887,True
2017-08-21,54.247,57.27131675368043,True
2017-08-22,59.516000000000005,61.845715597348146,True
2017-08-23,64.12899999999999,62.51638400936245,True
2017-08-24,59.691,59.619884350203385,True
2017-08-25,60.047,62.12380362961872,True
2017-08-26,64.839,65.38775790330689,True
2017-08-27,69.83,66.83693543564138,True
2017-08-28,77.509,70.36097380826348,True
2017-08-29,71.91,62.71067518271008,True
2017-08-30,65.297,61.82774997046275,True
2017-08-31,65.094,65.28672051559508,True
2017-09-01,72.304,69.35506730017723,True
2017-09-02,72.47399999999999,67.17653128032767,True
2017-09-03,71.204,65.95169256914977,True
2017-09-04,66.219,62.85806207367065,True
2017-09-05,68.176,61.87592092497035,True
2017-09-06,67.229,60.37057315865836,True
2017-09-07,55.676,54.247432872444236,True
2017-09-08,57.911,57.12620380496375,True
2017-09-09,57.481,56.44138109987316,True
2017-09-10,62.263000000000005,59.899917740446476,True
2017-09-11,69.108,62.69039211536695,True
2017-09-12,68.179,59.43473707158676,True
2017-09-13,57.083,53.06364476264205,True
2017-09-14,50.183,51.999304029737814,True
2017-09-15,50.26,53.28410987223354,True
2017-09-16,48.41,50.78311182233668,True
2017-09-17,47.62,49.370013662699016,True
2017-09-18,49.888000000000005,51.544689343475504,True
2017-09-19,46.672,51.21363587725909,True
2017-09-20,46.915,50.152091390007776,True
2017-09-21,44.538999999999994,48.65900050576775,True
2017-09-22,44.012,48.00311303226921,True
2017-09-23,41.323,46.70410540346831,True
2017-09-24,41.827,46.715850520144386,True
2017-09-25,46.663000000000004,50.819581219167766,True
2017-09-26,50.161,53.98086595687924,True
2017-09-27,52.021,52.56575873489698,True
2017-09-28,52.951,51.605672956575816,True
2017-09-29,49.745,47.79465339896929,True
2017-09-30,46.411,45.44742408019039,True
2017-10-01,43.163000000000004,44.33763782262527,True
2017-10-02,45.083,46.07621058552345,True
2017-10-03,44.193999999999996,48.82043979718277,True
2017-10-04,44.788999999999994,47.541680457715174,True
2017-10-05,44.81,47.97005387666604,True
2017-10-06,45.3,48.035844372202426,True
2017-10-07,42.928999999999995,44.504362335879705,True
2017-10-08,40.668,42.73540204127602,True
2017-10-09,44.29600000000001,45.893694717165495,True
2017-10-10,44.805,46.204116559660534,True
2017-10-11,43.553999999999995,44.66008653715619,True
2017-10-12,43.107,44.155011932596615,True
2017-10-13,42.907,46.6334881818585,True
2017-10-14,40.178000000000004,41.41782299153849,True
2017-10-15,40.176,43.63367437654033,True
2017-10-16,43.601000000000006,46.8648801230484,True
2017-10-17,43.778999999999996,46.19479679764604,True
2017-10-18,43.714,46.94598461027711,True
2017-10-19,43.167,43.34418186557351,True
2017-10-20,42.233999999999995,43.64049941161923,True
2017-10-21,39.551,42.826014248153044,True
2017-10-22,39.332,41.60034700352764,True
2017-10-23,44.001000000000005,45.41722462426303,True
2017-10-24,45.965,46.754539367144716,True
2017-10-25,46.42,47.2217699728449,True
2017-10-26,46.563,46.781279871950524,True
2017-10-27,45.475,45.73420351584171,True
2017-10-28,42.007,42.72450620376431,True
2017-10-29,40.492,40.00992040307833,True
2017-10-30,42.06100000000001,42.27255496355451,True
2017-10-31,41.86600000000001,44.54230261088921,True
2017-11-01,41.155,43.290675047331035,True
2017-11-02,42.022,42.13162394891202,True
2017-11-03,41.795,41.36827385657497,True
2017-11-04,39.464,38.77475748528519,True
2017-11-05,40.37,42.10085112192727,True
2017-11-06,42.201,45.64367477703867,True
2017-11-07,42.688,46.576539070118876,True
2017-11-08,42.931000000000004,43.34297363812429,True
2017-11-09,41.945,40.99095354044742,True
2017-11-10,41.115,40.41006805148186,True
2017-11-11,38.704,40.744706870635596,True
2017-11-12,38.677,38.49583380592687,True
2017-11-13,41.881,40.36420817569303,True
2017-11-14,41.121,41.43414059835698,True
2017-11-15,42.853,40.77057585275463,True
2017-11-16,42.748999999999995,40.450209623178154,True
2017-11-17,42.678999999999995,41.242271267983924,True
2017-11-18,41.815,42.57579441530694,True
2017-11-19,41.96,41.32219548946723,True
2017-11-20,44.986000000000004,40.238686204403855,True
2017-11-21,43.693999999999996,40.96675407763914,True
2017-11-22,44.205,41.67994345631986,True
2017-11-23,40.8,40.663469984453876,True
2017-11-24,40.6,40.32742571436337,True
2017-11-25,40.646,37.53909824917832,True
2017-11-26,42.217,37.11844401633577,True
2017-11-27,44.263000000000005,42.843833328594144,True
2017-11-28,45.673,46.26007571155252,True
2017-11-29,46.207,47.01967271025825,True
2017-11-30,45.873000000000005,47.82436032782951,True
2017-12-01,45.97,47.51710952374827,True
2017-12-02,44.348,42.967958006736836,True
2017-12-03,42.81,40.07831074150906,True
2017-12-04,47.251999999999995,45.02678306321497,True
2017-12-05,47.63399999999999,47.50964260860261,True
2017-12-06,48.01,50.801297302148974,True
2017-12-07,47.912,50.38429804158445,True
2017-12-08,47.285,49.142775601278885,True
2017-12-09,45.036,47.49531863450431,True
2017-12-10,45.051,47.27902546536927,True
2017-12-11,48.146,50.60680461387129,True
2017-12-12,48.613,51.69139370359324,True
2017-12-13,48.852,51.14942105622741,True
2017-12-14,48.205,49.74711662974944,True
2017-12-15,48.074,46.841620958907285,True
2017-12-16,44.369,37.926214053042074,True
2017-12-17,43.771,39.314714428893886,True
2017-12-18,47.516000000000005,47.539806644173616,True
2017-12-19,48.713,46.000897558082755,True
2017-12-20,47.027,44.58719713415781,True
2017-12-21,49.178000000000004,47.86907507407436,True
2017-12-22,49.313,49.46047110004534,True
2017-12-23,45.681999999999995,42.892379846392146,True
2017-12-24,44.105,40.565801001376535,True
2017-12-25,42.211000000000006,45.46904317140396,True
2017-12-26,45.138999999999996,47.7879857521637,True
2017-12-27,46.563,48.748570329482746,True
2017-12-28,46.35,48.244823612611945,True
2017-12-29,45.821999999999996,47.729296701521044,True
2017-12-30,43.951,45.38854981518731,True
2017-12-31,43.082,42.9262630284761,True
2018-01-01,41.308,44.847623490440235,True
2018-01-02,44.897,44.93996342484611,True
2018-01-03,45.093,42.96677203059093,True
2018-01-04,44.015,40.040161204060446,True
2018-01-05,44.083999999999996,39.659823939307685,True
2018-01-06,41.393,39.66986339354577,True
2018-01-07,43.528999999999996,42.70631237459083,True
2018-01-08,47.196999999999996,41.966887805086905,True
2018-01-09,46.495,41.392788010629154,True
2018-01-10,46.102,43.85681047522835,True
2018-01-11,46.108999999999995,45.36310500622193,True
2018-01-12,46.306000000000004,44.65279558211322,True
2018-01-13,43.861000000000004,41.40322179777089,True
2018-01-14,42.681999999999995,40.07278782717096,True
2018-01-15,46.038999999999994,45.87139674709567,True
2018-01-16,46.033,43.99675493512022,True
2018-01-17,46.167,43.331890510312796,True
2018-01-18,46.31,43.59322075358892,True
2018-01-19,45.18,45.705568198862665,True
2018-01-20,44.213,47.13972259936501,True
2018-01-21,45.091,45.952763180442766,True
2018-01-22,47.243,45.886092630739974,True
2018-01-23,45.318999999999996,46.71256907741242,True
2018-01-24,47.442,47.45769618951272,True
2018-01-25,46.94,47.64770840568942,True
2018-01-26,47.106,51.032937271318076,True
2018-01-27,42.887,42.36809880549011,True
2018-01-28,42.257,43.88137272810709,True
2018-01-29,46.111000000000004,46.7473057223318,True
2018-01-30,45.758,46.59701253699747,True
2018-01-31,44.982,47.52323393645831,True
2018-02-01,43.872,43.746045201796065,True
2018-02-02,43.408,43.243561165125506,True
2018-02-03,40.716,40.80170540815762,True
2018-02-04,39.845,38.84077800646237,True
2018-02-05,42.979,43.00262807196714,True
2018-02-06,42.964,41.95510169039611,True
2018-02-07,43.106,42.672354115111325,True
2018-02-08,43.231,42.84973438161851,True
2018-02-09,42.928000000000004,42.10571938843374,True
2018-02-10,39.998000000000005,38.65172394561314,True
2018-02-11,41.483000000000004,41.995215598761504,True
2018-02-12,44.406000000000006,45.18445139539664,True
2018-02-13,44.035,45.55288722538641,True
2018-02-14,44.967,47.031571219708994,True
2018-02-15,44.533,45.843199265986556,True
2018-02-16,44.06,46.62152719805983,True
2018-02-17,40.645,40.92998487487241,True
2018-02-18,39.301,39.137844365628666,True
2018-02-19,43.809,50.70663891836887,True
2018-02-20,46.409,51.31662209790953,True
2018-02-21,45.435,48.246320584036404,True
2018-02-22,45.833,49.375214133597844,True
2018-02-23,46.52,50.968534816115856,True
2018-02-24,43.773999999999994,47.01665591718415,True
2018-02-25,41.248999999999995,42.02490832406988,True
2018-02-26,46.183,46.540112436353375,True
2018-02-27,45.81399999999999,46.7147252734462,True
2018-02-28,45.356,45.914388355785604,True
2018-03-01,46.68,43.13413117747895,True
2018-03-02,46.751000000000005,47.657930385058386,True
2018-03-03,43.525,45.573066798436635,True
2018-03-04,42.287,45.167099774417544,True
2018-03-05,45.137,47.878395715446985,True
2018-03-06,44.458,46.363412273384455,True
2018-03-07,43.913000000000004,42.1481508831315,True
2018-03-08,42.708999999999996,39.98553289287252,True
2018-03-09,42.144,39.916307217563265,True
2018-03-10,40.403,37.64034346889301,True
2018-03-11,37.662,39.62354987898408,True
2018-03-12,42.066,40.36823368997276,True
2018-03-13,43.16,40.358796708349246,True
2018-03-14,43.549,43.067092222362454,True
2018-03-15,45.818999999999996,46.219500668428466,True
2018-03-16,44.364,42.78940962408538,True
2018-03-17,42.16,42.82863897253207,True
2018-03-18,41.968999999999994,43.35985431157978,True
2018-03-19,43.103,44.021133810420096,True
2018-03-20,44.132,40.712055817186155,True
2018-03-21,44.235,40.434793822099635,True
2018-03-22,42.75,41.36734723113165,True
2018-03-23,43.011,44.991348986238364,True
2018-03-24,40.55,39.951796769953766,True
2018-03-25,39.887,41.67743918746942,True
2018-03-26,42.708,43.61545025673479,True
2018-03-27,42.202,42.37715904209678,True
2018-03-28,42.163999999999994,42.90428598836734,True
2018-03-29,42.315,42.78900436639536,True
2018-03-30,42.33,41.37138395968517,True
2018-03-31,39.731,37.80862865722908,True
2018-04-01,37.888000000000005,38.130021031275945,True
2018-04-02,41.25,40.22360184915832,True
2018-04-03,41.483999999999995,42.62176997163721,True
2018-04-04,41.107,39.99533909716397,True
2018-04-05,40.958,39.62352734260622,True
2018-04-06,42.177,39.02295313869197,True
2018-04-07,38.255,36.219701170825886,True
2018-04-08,37.417,37.03232037829061,True
2018-04-09,41.387,40.27841328312446,True
2018-04-10,41.397,39.50567635527249,True
2018-04-11,40.371,41.0424982629088,True
2018-04-12,40.205999999999996,43.32168323867601,True
2018-04-13,40.208,40.935400631111705,True
2018-04-14,37.453,37.20444434684335,True
2018-04-15,36.891999999999996,35.674075455826056,True
2018-04-16,41.815,43.02550069630451,True
2018-04-17,41.236999999999995,43.92409637027518,True
2018-04-18,40.734,42.002673798084224,True
2018-04-19,40.376999999999995,43.57462314186051,True
2018-04-20,40.344,41.84565961997736,True
2018-04-21,38.679,38.61965798980786,True
2018-04-22,39.912,39.34623967818929,True
2018-04-23,44.527,43.11732385877496,True
2018-04-24,44.345,42.101026276157796,True
2018-04-25,43.284,42.00357312177721,True
2018-04-26,41.125,40.138598177895354,True
2018-04-27,39.732,39.909186684976355,True
2018-04-28,37.169000000000004,37.643665202214834,True
2018-04-29,36.937,37.87000871557022,True
2018-04-30,39.95,41.12926784806773,True
2018-05-01,40.584,43.02662700399073,True
2018-05-02,41.18,42.058726583151284,True
2018-05-03,41.29600000000001,41.18448839814376,True
2018-05-04,43.455,43.5548262883242,True
2018-05-05,40.091,39.09590191332423,True
2018-05-06,37.919000000000004,38.09596586535409,True
2018-05-07,44.818000000000005,44.84453893205228,True
2018-05-08,46.849,44.65164274962227,True
2018-05-09,45.202,43.04574213142382,True
2018-05-10,45.556000000000004,44.03037291646619,True
2018-05-11,43.333,44.69778974110428,True
2018-05-12,42.099,41.36689992908791,True
2018-05-13,38.961,37.95377981181358,True
2018-05-14,42.268,41.54012023984623,True
2018-05-15,41.744,42.05276160466386,True
2018-05-16,40.998000000000005,42.056904062616745,True
2018-05-17,42.567,43.439832815493716,True
2018-05-18,43.508,42.67620891910306,True
2018-05-19,40.275,39.43830622193243,True
2018-05-20,38.571999999999996,38.31519794896426,True
2018-05-21,44.049,43.72134083788911,True
2018-05-22,44.299,42.801949362754755,True
2018-05-23,43.111999999999995,42.561764160018626,True
2018-05-24,43.461999999999996,42.50081508711491,True
2018-05-25,41.949,42.050001704576296,True
2018-05-26,38.073,39.821469468129614,True
2018-05-27,40.869,44.255952445179815,True
2018-05-28,50.281000000000006,51.970354553540695,True
2018-05-29,59.716,51.89191494628294,True
2018-05-30,44.986999999999995,43.862774711158735,True
2018-05-31,41.468999999999994,43.83577574954194,True
2018-06-01,45.047,48.07056146550739,True
2018-06-02,51.394,50.4520716487055,True
2018-06-03,57.711000000000006,50.93849238671103,True
2018-06-04,56.157,49.899699555312566,True
2018-06-05,49.008,48.61016854359285,True
2018-06-06,46.407,47.11360514801398,True
2018-06-07,46.876000000000005,47.87103091568893,True
2018-06-08,49.772,50.301171206748904,True
2018-06-09,43.332,45.273595252826205,True
2018-06-10,41.18600000000001,46.0806780136235,True
2018-06-11,50.575,53.66187997101413,True
2018-06-12,60.292,57.780941917359634,True
2018-06-13,63.36,57.056074899099364,True
2018-06-14,56.715,53.04451212940449,True
2018-06-15,51.53,50.16746051193434,True
2018-06-16,44.405,46.92033923335932,True
2018-06-17,41.181999999999995,46.27579532028692,True
2018-06-18,50.75,53.50866656255767,True
2018-06-19,55.026,55.41123374201568,True
2018-06-20,53.201,53.829610340948584,True
2018-06-21,54.125,56.40834291126174,True
2018-06-22,61.894,61.795298273983455,True
2018-06-23,62.46,61.46622739736954,True
2018-06-24,59.163999999999994,52.15611039168571,True
2018-06-25,52.70399999999999,52.81112744772555,True
2018-06-26,56.354,56.5795767334231,True
2018-06-27,52.652,53.473168808587346,True
2018-06-28,52.284,55.04012107019059,True
2018-06-29,58.331,60.23930142508671,True
2018-06-30,58.598,61.264503307282986,True
2018-07-01,57.144,54.02885091689016,False
2018-07-02,58.246,54.839789273558694,False
2018-07-03,57.43600000000001,53.97034072652107,False
2018-07-04,49.997,51.94883648371379,False
2018-07-05,55.293,56.934417132759876,False
2018-07-06,64.133,59.15274913100645,False
2018-07-07,63.805,57.509184461995055,False
2018-07-08,57.231,55.16581824324062,False
2018-07-09,63.205,60.42935650274107,False
2018-07-10,64.1,61.51857705118077,False
2018-07-11,65.202,60.727966019348635,False
2018-07-12,65.348,61.22961316720523,False
2018-07-13,63.63,60.065800347594326,False
2018-07-14,62.97,56.29090686026161,False
2018-07-15,56.763999999999996,53.9410992826099,False
2018-07-16,63.852,59.43570450737854,False
2018-07-17,66.965,61.16720145462611,False
2018-07-18,70.938,62.35743979036889,False
2018-07-19,69.813,61.273436181245835,False
2018-07-20,65.465,59.550957834455645,False
2018-07-21,62.573,56.948319771947226,False
2018-07-22,60.468,55.90050434993288,False
2018-07-23,68.695,60.91633656411044,False
2018-07-24,69.869,62.02158446867503,False
2018-07-25,72.316,64.36080317116233,False
2018-07-26,70.479,61.38710372892514,False
2018-07-27,63.11,58.78551459229061,False
2018-07-28,59.08,57.57782662257827,False
2018-07-29,50.486000000000004,53.00699844037927,False
2018-07-30,59.013999999999996,59.55380862811381,False
2018-07-31,63.33,59.75897428505794,False
2018-08-01,62.122,58.59727249998241,False
2018-08-02,59.638000000000005,58.280205458161724,False
2018-08-03,59.121,59.28062396713834,False
2018-08-04,58.506,57.48414260865212,False
2018-08-05,53.47,54.32600203762733,False
2018-08-06,59.4,59.196816156024724,False
2018-08-07,58.698,57.21793802226472,False
2018-08-08,60.23,58.53781819458311,False
2018-08-09,64.913,62.63160351160937,False
2018-08-10,67.117,61.28081019427114,False
2018-08-11,63.36,57.398800843742976,False
2018-08-12,59.692,55.622415054796015,False
2018-08-13,60.818999999999996,56.42226221641223,False
2018-08-14,55.43,54.54274864548075,False
2018-08-15,54.957,54.89397532774558,False
2018-08-16,58.549,57.3252273893601,False
2018-08-17,62.858000000000004,59.69426835600368,False
2018-08-18,62.158,57.45173149340158,False
2018-08-19,58.743,54.76095883733156,False
2018-08-20,58.206,54.67374771674447,False
2018-08-21,50.12,51.43638496013138,False
2018-08-22,51.619,53.59087536643436,False
2018-08-23,51.357,52.496976676862815,False
2018-08-24,49.583,51.5912536307155,False
2018-08-25,48.424,50.950077097997955,False
2018-08-26,47.275,49.269558965578604,False
2018-08-27,49.785,51.45362684258701,False
2018-08-28,49.244,51.156974098254146,False
2018-08-29,50.052,52.200066453963224,False
2018-08-30,49.183,51.08620722080934,False
2018-08-31,50.989,53.573047537187136,False
2018-09-01,50.513000000000005,51.66379331596862,False
2018-09-02,52.748999999999995,52.436716820244484,False
2018-09-03,52.76,53.71272052595479,False
2018-09-04,55.136,54.34800144314986,False
2018-09-05,54.431999999999995,53.03546602422073,False
2018-09-06,52.225,53.394651783475936,False
2018-09-07,57.163000000000004,55.97864613394196,False
2018-09-08,54.268,51.78151261341429,False
2018-09-09,52.45399999999999,51.556554277452435,False
2018-09-10,56.231,54.39674744778757,False
2018-09-11,54.50899999999999,52.39842616601503,False
2018-09-12,47.495,48.28017981908965,False
2018-09-13,47.386,48.69348004815297,False
2018-09-14,46.797,48.32784976186194,False
2018-09-15,42.908,44.27229353249282,False
2018-09-16,42.297,44.25955510453327,False
2018-09-17,46.518,47.44938916826005,False
2018-09-18,46.531000000000006,47.95990789438457,False
2018-09-19,48.06100000000001,49.838965447066435,False
2018-09-20,49.521,50.00476406478586,False
2018-09-21,51.803000000000004,50.275849587858325,False
2018-09-22,48.761,45.876776507804564,False
2018-09-23,48.176,44.76919475088377,False
2018-09-24,50.983999999999995,48.94016153525981,False
2018-09-25,51.955,50.12135674702763,False
2018-09-26,53.45,49.99840226730429,False
2018-09-27,53.883,49.130702500028626,False
2018-09-28,47.233000000000004,42.44484069473357,False
2018-09-29,41.935,38.90724775368229,False
2018-09-30,43.398,39.35902893752556,False
2018-10-01,47.195,43.1060919525112,False
2018-10-02,49.336999999999996,44.803270024863565,False
2018-10-03,48.089,42.85791549484917,False
2018-10-04,45.513000000000005,41.051579590943305,False
2018-10-05,44.213,41.18637139884975,False
2018-10-06,41.38399999999999,39.21133660918563,False
2018-10-07,39.981,38.857418164676645,False
2018-10-08,44.335,42.74390840897498,False
2018-10-09,45.802,42.7131401337113,False
2018-10-10,44.206,41.269925388014165,False
2018-10-11,43.662,40.75398727361542,False
2018-10-12,44.026,43.16715027830781,False
2018-10-13,41.14,40.02318162514025,False
2018-10-14,39.724000000000004,39.914665842293424,False
2018-10-15,42.721000000000004,42.168493559203775,False
2018-10-16,43.165,43.83122331316407,False
2018-10-17,43.378,43.25228061496718,False
2018-10-18,43.388999999999996,42.31461866829239,False
2018-10-19,43.415,42.7835364481384,False
2018-10-20,40.716,39.42311799550106,False
2018-10-21,40.016999999999996,38.47205546655001,False
2018-10-22,42.702,40.61013415073782,False
2018-10-23,42.183,40.20478345627744,False
2018-10-24,42.383,42.2375818079188,False
2018-10-25,42.821999999999996,41.96203414774644,False
2018-10-26,43.114,40.61565612207481,False
2018-10-27,40.894,37.72991473788454,False
2018-10-28,40.274,36.51521954849139,False
2018-10-29,41.591,39.600459192425646,False
2018-10-30,41.754,39.99491576421551,False
2018-10-31,41.398,40.90658860335682,False
2018-11-01,42.376000000000005,41.55837799540573,False
2018-11-02,42.928000000000004,39.81747221492806,False
2018-11-03,40.407,37.39237887123951,False
2018-11-04,41.812,36.17569062588344,False
2018-11-05,42.905,39.67770575304629,False
2018-11-06,42.644,40.75429825738925,False
2018-11-07,42.18,41.62071342537658,False
2018-11-08,42.156000000000006,38.0222094318007,False
2018-11-09,42.693999999999996,43.60538048075192,False
2018-11-10,40.766999999999996,42.442450675407414,False
2018-11-11,40.109,42.46113223312021,False
2018-11-12,42.865,45.157310515912705,False
2018-11-13,43.853,45.009872324187384,False
2018-11-14,44.582,47.03575444953203,False
2018-11-15,44.318999999999996,46.6038036696301,False
2018-11-16,43.961999999999996,46.22428246310131,False
2018-11-17,41.231,42.43959115301154,False
2018-11-18,40.601,42.848003486812566,False
2018-11-19,43.746,44.87487541352607,False
2018-11-20,43.836999999999996,44.646517976357046,False
2018-11-21,44.45,39.24216646975044,False
2018-11-22,38.667,37.09449458182827,False
2018-11-23,40.156,36.6328663291439,False
2018-11-24,38.827,34.005748323974714,False
2018-11-25,38.565,36.207404813621054,False
2018-11-26,42.474,40.00581613003917,False
2018-11-27,43.843999999999994,38.71812234380463,False
2018-11-28,42.858999999999995,37.741270183378106,False
2018-11-29,44.674,37.995929216019945,False
2018-11-30,43.248000000000005,42.43668455615006,False
2018-12-01,42.413999999999994,39.292852517180265,False
2018-12-02,43.049,42.39312688080947,False
2018-12-03,47.066,45.50588401117727,False
2018-12-04,46.831,41.83337685512118,False
2018-12-05,45.434,39.878284151065195,False
2018-12-06,44.5,41.17930243575206,False
2018-12-07,45.325,44.76550650339035,False
2018-12-08,43.06,41.13740333000045,False
2018-12-09,43.931000000000004,39.40035336659327,False
2018-12-10,45.678999999999995,40.598988969915084,False
2018-12-11,45.983999999999995,43.84301581417158,False
2018-12-12,45.36600000000001,41.48616830802896,False
2018-12-13,45.665,43.31761571935846,False
2018-12-14,46.193999999999996,39.99606739375399,False
2018-12-15,42.443999999999996,36.72818881903903,False
2018-12-16,44.082,34.936890819866726,False
2018-12-17,44.437,36.5837886130253,False
2018-12-18,45.122,39.16000102697792,False
2018-12-19,44.941,36.892115872504036,False
2018-12-20,45.706,36.65230978536451,False
2018-12-21,45.365,36.408421196183056,False
2018-12-22,43.782,37.541325760589665,False
2018-12-23,42.308,34.27122932471738,False
2018-12-24,44.058,36.500331943084404,False
2018-12-25,40.415,38.54492980338867,False
2018-12-26,44.13399999999999,41.93614236694744,False
2018-12-27,45.299,41.68005436251108,False
2018-12-28,45.726000000000006,41.33029343918548,False
2018-12-29,44.031000000000006,42.26719325827101,False
2018-12-30,42.773999999999994,40.38070695736509,False
2018-12-31,44.53,40.80261012472089,False
2019-01-01,43.35,45.03978369534278,False
2019-01-02,46.608999999999995,48.74108465328244,False
2019-01-03,47.406000000000006,48.131398599061356,False
2019-01-04,46.802,47.60141601758008,False
2019-01-05,46.378,40.923308429355345,False
2019-01-06,44.699,37.67105010892288,False
2019-01-07,44.685,38.17873450593439,False
2019-01-08,45.601000000000006,40.12729478262826,False
2019-01-09,44.097,37.84918723311236,False
2019-01-10,44.46,40.84183121240952,False
2019-01-11,44.056999999999995,39.17145487980013,False
2019-01-12,41.70399999999999,39.36069268356351,False
2019-01-13,41.582,40.327540288862394,False
2019-01-14,46.225,42.692779262871184,False
2019-01-15,45.717,41.12229219330064,False
2019-01-16,45.903,39.07818093986337,False
2019-01-17,44.361000000000004,38.953316945966705,False
2019-01-18,43.696999999999996,38.93126309999877,False
2019-01-19,40.31,35.765317607196735,False
2019-01-20,40.343,36.103369514183285,False
2019-01-21,43.7,44.03244411067884,False
2019-01-22,45.372,44.521750171860894,False
2019-01-23,45.327,45.80570501381368,False
2019-01-24,44.24,46.495557133956844,False
2019-01-25,43.868,45.666517842360605,False
2019-01-26,41.361999999999995,41.60930574265606,False
2019-01-27,39.806,38.498629631631694,False
2019-01-28,42.702,40.01264188476717,False
2019-01-29,42.138000000000005,39.8132289089332,False
2019-01-30,42.02,40.08969472368312,False
2019-01-31,41.595,38.77372918143295,False
2019-02-01,41.141000000000005,37.13056007321521,False
2019-02-02,40.594,34.118250723688526,False
2019-02-03,40.841,34.42690915856032,False
2019-02-04,44.632,42.46106844477948,False
2019-02-05,45.746,48.746000656853234,False
2019-02-06,45.935,48.42364525575309,False
2019-02-07,46.523999999999994,48.05452507719601,False
2019-02-08,45.291000000000004,43.50131896628117,False
2019-02-09,43.09,39.050338915453246,False
2019-02-10,41.926,40.76540201247582,False
2019-02-11,45.706,46.518320566381426,False
2019-02-12,47.626999999999995,44.99512778211039,False
2019-02-13,45.901,37.72434969317042,False
2019-02-14,43.701,36.422023787771806,False
2019-02-15,45.273999999999994,41.07829452145895,False
2019-02-16,42.388000000000005,38.495081216843836,False
2019-02-17,42.52,41.49129719900314,False
2019-02-18,44.983000000000004,43.49346316090016,False
2019-02-19,46.093999999999994,44.136277184939104,False
2019-02-20,45.236000000000004,42.460880586529406,False
2019-02-21,45.92,42.64833586790856,False
2019-02-22,45.611000000000004,44.192055360855775,False
2019-02-23,43.968999999999994,40.18700338867624,False
2019-02-24,41.481,35.37375830912563,False
2019-02-25,45.32899999999999,37.69912002803669,False
2019-02-26,46.623000000000005,36.78735312257777,False
2019-02-27,45.051,37.017682770050776,False
2019-02-28,43.448,38.07540591244762,False
2019-03-01,43.326,37.54329150477605,False
2019-03-02,41.943999999999996,34.309212848962886,False
2019-03-03,40.35,32.83306766764312,False
2019-03-04,42.294,36.718756886048425,False
2019-03-05,44.067,37.2091760868004,False
2019-03-06,43.108000000000004,36.63633967265328,False
2019-03-07,43.675,37.871407163634736,False
2019-03-08,42.967,40.65374240590957,False
2019-03-09,42.013999999999996,37.59915013185788,False
2019-03-10,37.257,35.339409187938216,False
2019-03-11,40.681999999999995,39.76146034958025,False
2019-03-12,40.634,40.06141557807321,False
2019-03-13,41.11600000000001,39.28316204115365,False
2019-03-14,40.598,40.29748379016565,False
2019-03-15,39.793,39.76401899004973,False
2019-03-16,36.959,36.81486313203975,False
2019-03-17,36.455,35.43364823299148,False
2019-03-18,38.707,38.8998621892879,False
2019-03-19,39.567,37.655268706452816,False
2019-03-20,40.109,37.33082851907152,False
2019-03-21,39.537,40.25092591362487,False
2019-03-22,40.99100000000001,37.74712786111308,False
2019-03-23,37.952,33.96533300871469,False
2019-03-24,37.248000000000005,36.14247630010017,False
2019-03-25,41.152,37.77937192659641,False
2019-03-26,39.646,37.067265105872785,False
2019-03-27,39.814,37.20035005815908,False
2019-03-28,40.144,39.016811902241216,False
2019-03-29,40.458,39.68555180490766,False
2019-03-30,38.232,35.716044184354274,False
2019-03-31,36.811,34.96041840647392,False
2019-04-01,41.803000000000004,36.19113088469549,False
2019-04-02,41.82899999999999,36.623925897969194,False
2019-04-03,42.178000000000004,36.55997712284796,False
2019-04-04,42.78,36.24006038079324,False
2019-04-05,40.938,35.95029280828655,False
2019-04-06,37.983000000000004,32.90200609761691,False
2019-04-07,37.674,32.28639696072283,False
2019-04-08,42.706,35.715124896231984,False
2019-04-09,41.153999999999996,36.20637960516682,False
2019-04-10,40.338,36.76497796848513,False
2019-04-11,41.328,35.742352670999274,False
2019-04-12,40.226,35.86062570634575,False
2019-04-13,37.339,34.029790606680976,False
2019-04-14,36.969,31.913586318211436,False
2019-04-15,42.879,36.29599145204204,False
2019-04-16,41.035,35.95442842190833,False
2019-04-17,41.144,37.97801833075684,False
2019-04-18,43.66,38.448304534220206,False
2019-04-19,45.581,37.727707142770974,False
2019-04-20,38.611999999999995,32.480258390620726,False
2019-04-21,35.249,34.44471538324379,False
2019-04-22,42.599,39.984375376951036,False
2019-04-23,45.842,41.283943494135066,False
2019-04-24,48.218,42.71394705124829,False
2019-04-25,49.058,40.29300959108211,False
2019-04-26,47.556000000000004,39.444623181650556,False
2019-04-27,42.703,33.906771690249485,False
2019-04-28,38.971,33.738698234932436,False
2019-04-29,42.611999999999995,36.95616285919419,False
2019-04-30,41.119,37.1359114242087,False
2019-05-01,40.707,39.91045561130121,False
2019-05-02,42.141999999999996,40.10058161492358,False
2019-05-03,42.335,39.78168800092314,False
2019-05-04,40.117,36.02379375264771,False
2019-05-05,36.379,34.54486369342635,False
2019-05-06,39.117,37.53236845720453,False
2019-05-07,41.548,38.43390914461262,False
2019-05-08,43.202,39.44579565317838,False
2019-05-09,42.31100000000001,38.10315113507635,False
2019-05-10,42.937,40.84955928299395,False
2019-05-11,41.403999999999996,36.423587915076304,False
2019-05-12,39.826,35.91359569649771,False
2019-05-13,44.598,39.480824583711865,False
2019-05-14,44.147,38.46517418742547,False
2019-05-15,42.528999999999996,38.51897778120235,False
2019-05-16,39.096,38.35235351731133,False
2019-05-17,39.835,38.203338783382264,False
2019-05-18,37.525,35.707620613395974,False
2019-05-19,36.28,35.6049817000206,False
2019-05-20,40.256,40.28013684575519,False
2019-05-21,39.92,38.86225019142023,False
2019-05-22,37.319,40.10337300649816,False
2019-05-23,41.272,39.68063637580878,False
2019-05-24,41.147,38.82554584504168,False
2019-05-25,37.39,35.808473512061255,False
2019-05-26,35.534,35.56772932202832,False
2019-05-27,37.047,39.12769172043533,False
2019-05-28,41.196000000000005,42.14473432603756,False
2019-05-29,45.596000000000004,43.60611709979364,False
2019-05-30,44.519,41.3563465557355,False
2019-05-31,47.497,45.34911824088866,False
2019-06-01,49.666000000000004,43.28690300887064,False
2019-06-02,47.133,39.201334577026365,False
2019-06-03,53.57899999999999,46.284614499684444,False
2019-06-04,61.861999999999995,51.816513849104645,False
2019-06-05,67.366,52.1100733411359,False
2019-06-06,51.843,44.722550013606764,False
2019-06-07,44.388000000000005,44.0290478306489,False
2019-06-08,43.571000000000005,44.76045130255346,False
2019-06-09,49.846000000000004,47.45232638555402,False
2019-06-10,64.23,55.414577284093625,False
2019-06-11,69.028,58.875135177272504,False
2019-06-12,70.858,57.73095138820862,False
2019-06-13,60.035,48.49656525126055,False
2019-06-14,54.101000000000006,47.54321822788182,False
2019-06-15,45.853,42.74346151435845,False
2019-06-16,46.832,44.97943232686781,False
2019-06-17,57.352,51.7541792347658,False
2019-06-18,65.816,55.96914358374346,False
2019-06-19,60.693000000000005,52.3991936201308,False
2019-06-20,51.092,49.649695280367766,False
2019-06-21,49.98,51.72009919874844,False
2019-06-22,51.886,52.505163874518715,False
2019-06-23,57.901,52.13643989432611,False
2019-06-24,60.781000000000006,52.94987834610214,False
2019-06-25,58.18,52.720491314501224,False
2019-06-26,49.11600000000001,48.80755182025875,False
2019-06-27,46.422,48.694197735377365,False
2019-06-28,48.897,50.394231724920374,False
2019-06-29,47.31,48.480050165561025,False
2019-06-30,49.165,48.51790982727989,False
2019-07-01,51.293,51.248098383555515,False
